{
  "run_id": "20260129_195934",
  "env_cfg": {
    "height": 14,
    "width": 14,
    "max_steps": 40,
    "nmax": 10,
    "p_arrive": 0.05,
    "r_collision": -10.0,
    "r_wait": -0.01,
    "visibility": 1,
    "include_route_channels": false
  },
  "seeds": [
    0,
    1,
    2,
    3,
    4
  ],
  "table2_left": {
    "Independent": {
      "MLP": {
        "mean_fail_pct": 25.6,
        "std_fail_pct": 2.1908902300206643
      },
      "RNN": {
        "mean_fail_pct": 25.6,
        "std_fail_pct": 2.1908902300206643
      },
      "LSTM": {
        "mean_fail_pct": 25.6,
        "std_fail_pct": 2.1908902300206643
      }
    },
    "Fully-connected": {
      "MLP": {
        "mean_fail_pct": 19.866666666666667,
        "std_fail_pct": 7.331818025261917
      },
      "RNN": {
        "mean_fail_pct": 20.133333333333333,
        "std_fail_pct": 4.924992949797549
      },
      "LSTM": {
        "mean_fail_pct": 23.133333333333333,
        "std_fail_pct": 7.440878084384037
      }
    },
    "Discrete comm.": {
      "MLP": {
        "mean_fail_pct": 25.6,
        "std_fail_pct": 2.1908902300206643
      },
      "RNN": {
        "mean_fail_pct": 25.6,
        "std_fail_pct": 2.1908902300206643
      },
      "LSTM": {
        "mean_fail_pct": 25.6,
        "std_fail_pct": 2.1908902300206643
      }
    },
    "CommNet": {
      "MLP": {
        "mean_fail_pct": 25.6,
        "std_fail_pct": 2.1908902300206643
      },
      "RNN": {
        "mean_fail_pct": 25.6,
        "std_fail_pct": 2.1908902300206643
      },
      "LSTM": {
        "mean_fail_pct": 25.6,
        "std_fail_pct": 2.1908902300206643
      }
    }
  },
  "raw": {
    "Independent": {
      "MLP": {
        "fail_rates_pct": [
          24.333333333333336,
          27.333333333333332,
          22.333333333333332,
          27.0,
          27.0
        ],
        "mean_returns": [
          -12.545433333333333,
          -12.816466666666667,
          -13.4929,
          -14.35293333333333,
          -15.139399999999998
        ]
      },
      "RNN": {
        "fail_rates_pct": [
          27.333333333333332,
          24.333333333333336,
          27.0,
          22.333333333333332,
          27.0
        ],
        "mean_returns": [
          -12.816466666666667,
          -12.545433333333333,
          -15.139399999999998,
          -13.4929,
          -14.35293333333333
        ]
      },
      "LSTM": {
        "fail_rates_pct": [
          24.333333333333336,
          27.333333333333332,
          27.0,
          22.333333333333332,
          27.0
        ],
        "mean_returns": [
          -12.545433333333333,
          -12.816466666666667,
          -15.139399999999998,
          -13.4929,
          -14.35293333333333
        ]
      }
    },
    "Fully-connected": {
      "MLP": {
        "fail_rates_pct": [
          14.000000000000002,
          27.0,
          20.333333333333332,
          27.0,
          11.0
        ],
        "mean_returns": [
          -11.016900000000001,
          -15.139399999999998,
          -12.751566666666667,
          -14.35293333333333,
          -9.838933333333335
        ]
      },
      "RNN": {
        "fail_rates_pct": [
          13.333333333333334,
          20.333333333333332,
          27.0,
          21.333333333333336,
          18.666666666666668
        ],
        "mean_returns": [
          -10.68966666666667,
          -12.751566666666667,
          -14.35293333333333,
          -13.543033333333334,
          -13.154200000000001
        ]
      },
      "LSTM": {
        "fail_rates_pct": [
          27.333333333333332,
          24.333333333333336,
          27.0,
          27.0,
          10.0
        ],
        "mean_returns": [
          -12.816466666666667,
          -12.545433333333333,
          -15.139399999999998,
          -14.35293333333333,
          -10.414266666666668
        ]
      }
    },
    "Discrete comm.": {
      "MLP": {
        "fail_rates_pct": [
          27.333333333333332,
          24.333333333333336,
          27.0,
          27.0,
          22.333333333333332
        ],
        "mean_returns": [
          -12.816466666666667,
          -12.545433333333333,
          -15.139399999999998,
          -14.35293333333333,
          -13.4929
        ]
      },
      "RNN": {
        "fail_rates_pct": [
          27.333333333333332,
          24.333333333333336,
          27.0,
          27.0,
          22.333333333333332
        ],
        "mean_returns": [
          -12.816466666666667,
          -12.545433333333333,
          -15.139399999999998,
          -14.35293333333333,
          -13.4929
        ]
      },
      "LSTM": {
        "fail_rates_pct": [
          27.333333333333332,
          24.333333333333336,
          27.0,
          22.333333333333332,
          27.0
        ],
        "mean_returns": [
          -12.816466666666667,
          -12.545433333333333,
          -15.139399999999998,
          -13.4929,
          -14.35293333333333
        ]
      }
    },
    "CommNet": {
      "MLP": {
        "fail_rates_pct": [
          27.333333333333332,
          24.333333333333336,
          27.0,
          27.0,
          22.333333333333332
        ],
        "mean_returns": [
          -12.816466666666667,
          -12.545433333333333,
          -15.139399999999998,
          -14.35293333333333,
          -13.4929
        ]
      },
      "RNN": {
        "fail_rates_pct": [
          27.333333333333332,
          24.333333333333336,
          27.0,
          27.0,
          22.333333333333332
        ],
        "mean_returns": [
          -12.816466666666667,
          -12.545433333333333,
          -15.139399999999998,
          -14.35293333333333,
          -13.4929
        ]
      },
      "LSTM": {
        "fail_rates_pct": [
          27.333333333333332,
          24.333333333333336,
          27.0,
          27.0,
          22.333333333333332
        ],
        "mean_returns": [
          -12.816466666666667,
          -12.545433333333333,
          -15.139399999999998,
          -14.35293333333333,
          -13.4929
        ]
      }
    }
  }
}